<?xml version="1.0" encoding="UTF-8" ?>
<!DOCTYPE mapper PUBLIC "-//mybatis.org//DTD Mapper 3.0//EN" "http://mybatis.org/dtd/mybatis-3-mapper.dtd" >
<mapper namespace="com.dianli.task.dressing.dao.mapper.AwardUserDoMapper" >
  <resultMap id="BaseResultMap" type="com.dianli.task.dressing.dao.bean.AwardUserDo" >
    <constructor >
      <idArg column="id" jdbcType="BIGINT" javaType="java.lang.Long" />
      <arg column="wechat_nick" jdbcType="VARCHAR" javaType="java.lang.String" />
      <arg column="open_id" jdbcType="VARCHAR" javaType="java.lang.String" />
      <arg column="share_times" jdbcType="INTEGER" javaType="java.lang.Integer" />
      <arg column="enable_award_times" jdbcType="INTEGER" javaType="java.lang.Integer" />
      <arg column="award" jdbcType="VARCHAR" javaType="java.lang.String" />
      <arg column="award_level" jdbcType="VARCHAR" javaType="java.lang.String" />
      <arg column="award_time" jdbcType="TIMESTAMP" javaType="java.util.Date" />
      <arg column="name" jdbcType="VARCHAR" javaType="java.lang.String" />
      <arg column="phone" jdbcType="VARCHAR" javaType="java.lang.String" />
      <arg column="address" jdbcType="VARCHAR" javaType="java.lang.String" />
    </constructor>
  </resultMap>
  <sql id="Example_Where_Clause" >
    <where >
      <foreach collection="oredCriteria" item="criteria" separator="or" >
        <if test="criteria.valid" >
          <trim prefix="(" suffix=")" prefixOverrides="and" >
            <foreach collection="criteria.criteria" item="criterion" >
              <choose >
                <when test="criterion.noValue" >
                  and ${criterion.condition}
                </when>
                <when test="criterion.singleValue" >
                  and ${criterion.condition} #{criterion.value}
                </when>
                <when test="criterion.betweenValue" >
                  and ${criterion.condition} #{criterion.value} and #{criterion.secondValue}
                </when>
                <when test="criterion.listValue" >
                  and ${criterion.condition}
                  <foreach collection="criterion.value" item="listItem" open="(" close=")" separator="," >
                    #{listItem}
                  </foreach>
                </when>
              </choose>
            </foreach>
          </trim>
        </if>
      </foreach>
    </where>
  </sql>
  <sql id="Update_By_Example_Where_Clause" >
    <where >
      <foreach collection="example.oredCriteria" item="criteria" separator="or" >
        <if test="criteria.valid" >
          <trim prefix="(" suffix=")" prefixOverrides="and" >
            <foreach collection="criteria.criteria" item="criterion" >
              <choose >
                <when test="criterion.noValue" >
                  and ${criterion.condition}
                </when>
                <when test="criterion.singleValue" >
                  and ${criterion.condition} #{criterion.value}
                </when>
                <when test="criterion.betweenValue" >
                  and ${criterion.condition} #{criterion.value} and #{criterion.secondValue}
                </when>
                <when test="criterion.listValue" >
                  and ${criterion.condition}
                  <foreach collection="criterion.value" item="listItem" open="(" close=")" separator="," >
                    #{listItem}
                  </foreach>
                </when>
              </choose>
            </foreach>
          </trim>
        </if>
      </foreach>
    </where>
  </sql>
  <sql id="Base_Column_List" >
    id, wechat_nick, open_id, share_times, enable_award_times, award, award_level, award_time, 
    name, phone, address
  </sql>
  <select id="selectByExample" resultMap="BaseResultMap" parameterType="com.dianli.task.dressing.dao.bean.AwardUserDoExample" >
    select
    <if test="distinct" >
      distinct
    </if>
    'true' as QUERYID,
    <include refid="Base_Column_List" />
    from award_user
    <if test="_parameter != null" >
      <include refid="Example_Where_Clause" />
    </if>
    <if test="orderByClause != null" >
      order by ${orderByClause}
    </if>
  </select>
  <select id="selectByPrimaryKey" resultMap="BaseResultMap" parameterType="java.lang.Long" >
    select 
    <include refid="Base_Column_List" />
    from award_user
    where id = #{id,jdbcType=BIGINT}
  </select>
  <delete id="deleteByPrimaryKey" parameterType="java.lang.Long" >
    delete from award_user
    where id = #{id,jdbcType=BIGINT}
  </delete>
  <delete id="deleteByExample" parameterType="com.dianli.task.dressing.dao.bean.AwardUserDoExample" >
    delete from award_user
    <if test="_parameter != null" >
      <include refid="Example_Where_Clause" />
    </if>
  </delete>
  <insert id="insert" parameterType="com.dianli.task.dressing.dao.bean.AwardUserDo" >
    <selectKey resultType="java.lang.Long" keyProperty="id" order="AFTER" >
      SELECT LAST_INSERT_ID()
    </selectKey>
    insert into award_user (wechat_nick, open_id, share_times, 
      enable_award_times, award, award_level, 
      award_time, name, phone, 
      address)
    values (#{wechatNick,jdbcType=VARCHAR}, #{openId,jdbcType=VARCHAR}, #{shareTimes,jdbcType=INTEGER}, 
      #{enableAwardTimes,jdbcType=INTEGER}, #{award,jdbcType=VARCHAR}, #{awardLevel,jdbcType=VARCHAR}, 
      #{awardTime,jdbcType=TIMESTAMP}, #{name,jdbcType=VARCHAR}, #{phone,jdbcType=VARCHAR}, 
      #{address,jdbcType=VARCHAR})
  </insert>
  <insert id="insertSelective" parameterType="com.dianli.task.dressing.dao.bean.AwardUserDo" >
    <selectKey resultType="java.lang.Long" keyProperty="id" order="AFTER" >
      SELECT LAST_INSERT_ID()
    </selectKey>
    insert into award_user
    <trim prefix="(" suffix=")" suffixOverrides="," >
      <if test="wechatNick != null" >
        wechat_nick,
      </if>
      <if test="openId != null" >
        open_id,
      </if>
      <if test="shareTimes != null" >
        share_times,
      </if>
      <if test="enableAwardTimes != null" >
        enable_award_times,
      </if>
      <if test="award != null" >
        award,
      </if>
      <if test="awardLevel != null" >
        award_level,
      </if>
      <if test="awardTime != null" >
        award_time,
      </if>
      <if test="name != null" >
        name,
      </if>
      <if test="phone != null" >
        phone,
      </if>
      <if test="address != null" >
        address,
      </if>
    </trim>
    <trim prefix="values (" suffix=")" suffixOverrides="," >
      <if test="wechatNick != null" >
        #{wechatNick,jdbcType=VARCHAR},
      </if>
      <if test="openId != null" >
        #{openId,jdbcType=VARCHAR},
      </if>
      <if test="shareTimes != null" >
        #{shareTimes,jdbcType=INTEGER},
      </if>
      <if test="enableAwardTimes != null" >
        #{enableAwardTimes,jdbcType=INTEGER},
      </if>
      <if test="award != null" >
        #{award,jdbcType=VARCHAR},
      </if>
      <if test="awardLevel != null" >
        #{awardLevel,jdbcType=VARCHAR},
      </if>
      <if test="awardTime != null" >
        #{awardTime,jdbcType=TIMESTAMP},
      </if>
      <if test="name != null" >
        #{name,jdbcType=VARCHAR},
      </if>
      <if test="phone != null" >
        #{phone,jdbcType=VARCHAR},
      </if>
      <if test="address != null" >
        #{address,jdbcType=VARCHAR},
      </if>
    </trim>
  </insert>
  <select id="countByExample" parameterType="com.dianli.task.dressing.dao.bean.AwardUserDoExample" resultType="java.lang.Integer" >
    select count(*) from award_user
    <if test="_parameter != null" >
      <include refid="Example_Where_Clause" />
    </if>
  </select>
  <update id="updateByExampleSelective" parameterType="map" >
    update award_user
    <set >
      <if test="record.id != null" >
        id = #{record.id,jdbcType=BIGINT},
      </if>
      <if test="record.wechatNick != null" >
        wechat_nick = #{record.wechatNick,jdbcType=VARCHAR},
      </if>
      <if test="record.openId != null" >
        open_id = #{record.openId,jdbcType=VARCHAR},
      </if>
      <if test="record.shareTimes != null" >
        share_times = #{record.shareTimes,jdbcType=INTEGER},
      </if>
      <if test="record.enableAwardTimes != null" >
        enable_award_times = #{record.enableAwardTimes,jdbcType=INTEGER},
      </if>
      <if test="record.award != null" >
        award = #{record.award,jdbcType=VARCHAR},
      </if>
      <if test="record.awardLevel != null" >
        award_level = #{record.awardLevel,jdbcType=VARCHAR},
      </if>
      <if test="record.awardTime != null" >
        award_time = #{record.awardTime,jdbcType=TIMESTAMP},
      </if>
      <if test="record.name != null" >
        name = #{record.name,jdbcType=VARCHAR},
      </if>
      <if test="record.phone != null" >
        phone = #{record.phone,jdbcType=VARCHAR},
      </if>
      <if test="record.address != null" >
        address = #{record.address,jdbcType=VARCHAR},
      </if>
    </set>
    <if test="_parameter != null" >
      <include refid="Update_By_Example_Where_Clause" />
    </if>
  </update>
  <update id="updateByExample" parameterType="map" >
    update award_user
    set id = #{record.id,jdbcType=BIGINT},
      wechat_nick = #{record.wechatNick,jdbcType=VARCHAR},
      open_id = #{record.openId,jdbcType=VARCHAR},
      share_times = #{record.shareTimes,jdbcType=INTEGER},
      enable_award_times = #{record.enableAwardTimes,jdbcType=INTEGER},
      award = #{record.award,jdbcType=VARCHAR},
      award_level = #{record.awardLevel,jdbcType=VARCHAR},
      award_time = #{record.awardTime,jdbcType=TIMESTAMP},
      name = #{record.name,jdbcType=VARCHAR},
      phone = #{record.phone,jdbcType=VARCHAR},
      address = #{record.address,jdbcType=VARCHAR}
    <if test="_parameter != null" >
      <include refid="Update_By_Example_Where_Clause" />
    </if>
  </update>
  <update id="updateByPrimaryKeySelective" parameterType="com.dianli.task.dressing.dao.bean.AwardUserDo" >
    update award_user
    <set >
      <if test="wechatNick != null" >
        wechat_nick = #{wechatNick,jdbcType=VARCHAR},
      </if>
      <if test="openId != null" >
        open_id = #{openId,jdbcType=VARCHAR},
      </if>
      <if test="shareTimes != null" >
        share_times = #{shareTimes,jdbcType=INTEGER},
      </if>
      <if test="enableAwardTimes != null" >
        enable_award_times = #{enableAwardTimes,jdbcType=INTEGER},
      </if>
      <if test="award != null" >
        award = #{award,jdbcType=VARCHAR},
      </if>
      <if test="awardLevel != null" >
        award_level = #{awardLevel,jdbcType=VARCHAR},
      </if>
      <if test="awardTime != null" >
        award_time = #{awardTime,jdbcType=TIMESTAMP},
      </if>
      <if test="name != null" >
        name = #{name,jdbcType=VARCHAR},
      </if>
      <if test="phone != null" >
        phone = #{phone,jdbcType=VARCHAR},
      </if>
      <if test="address != null" >
        address = #{address,jdbcType=VARCHAR},
      </if>
    </set>
    where id = #{id,jdbcType=BIGINT}
  </update>
  <update id="updateByPrimaryKey" parameterType="com.dianli.task.dressing.dao.bean.AwardUserDo" >
    update award_user
    set wechat_nick = #{wechatNick,jdbcType=VARCHAR},
      open_id = #{openId,jdbcType=VARCHAR},
      share_times = #{shareTimes,jdbcType=INTEGER},
      enable_award_times = #{enableAwardTimes,jdbcType=INTEGER},
      award = #{award,jdbcType=VARCHAR},
      award_level = #{awardLevel,jdbcType=VARCHAR},
      award_time = #{awardTime,jdbcType=TIMESTAMP},
      name = #{name,jdbcType=VARCHAR},
      phone = #{phone,jdbcType=VARCHAR},
      address = #{address,jdbcType=VARCHAR}
    where id = #{id,jdbcType=BIGINT}
  </update>
  <select resultMap="BaseResultMap" parameterType="com.dianli.task.dressing.dao.bean.AwardUserDoExample" id="selectByExampleWithRowbounds" >
    select
    <if test="distinct" >
      distinct
    </if>
    'true' as QUERYID,
    <include refid="Base_Column_List" />
    from award_user
    <if test="_parameter != null" >
      <include refid="Example_Where_Clause" />
    </if>
    <if test="orderByClause != null" >
      order by ${orderByClause}
    </if>
  </select>
</mapper>