<?xml version="1.0" encoding="UTF-8" ?>
<!DOCTYPE mapper PUBLIC "-//mybatis.org//DTD Mapper 3.0//EN" "http://mybatis.org/dtd/mybatis-3-mapper.dtd" >
<mapper namespace="com.dianli.task.dressing.dao.mapper.AwardConfigDoMapper" >
  <resultMap id="BaseResultMap" type="com.dianli.task.dressing.dao.bean.AwardConfigDo" >
    <constructor >
      <idArg column="id" jdbcType="BIGINT" javaType="java.lang.Long" />
      <arg column="del_flag" jdbcType="INTEGER" javaType="java.lang.Integer" />
      <arg column="award_rate" jdbcType="REAL" javaType="java.lang.Float" />
      <arg column="award_level" jdbcType="VARCHAR" javaType="java.lang.String" />
      <arg column="award" jdbcType="VARCHAR" javaType="java.lang.String" />
      <arg column="award_key" jdbcType="INTEGER" javaType="java.lang.Integer" />
      <arg column="awarded" jdbcType="INTEGER" javaType="java.lang.Integer" />
    </constructor>
  </resultMap>
  <sql id="Example_Where_Clause" >
    <where >
      <foreach collection="oredCriteria" item="criteria" separator="or" >
        <if test="criteria.valid" >
          <trim prefix="(" suffix=")" prefixOverrides="and" >
            <foreach collection="criteria.criteria" item="criterion" >
              <choose >
                <when test="criterion.noValue" >
                  and ${criterion.condition}
                </when>
                <when test="criterion.singleValue" >
                  and ${criterion.condition} #{criterion.value}
                </when>
                <when test="criterion.betweenValue" >
                  and ${criterion.condition} #{criterion.value} and #{criterion.secondValue}
                </when>
                <when test="criterion.listValue" >
                  and ${criterion.condition}
                  <foreach collection="criterion.value" item="listItem" open="(" close=")" separator="," >
                    #{listItem}
                  </foreach>
                </when>
              </choose>
            </foreach>
          </trim>
        </if>
      </foreach>
    </where>
  </sql>
  <sql id="Update_By_Example_Where_Clause" >
    <where >
      <foreach collection="example.oredCriteria" item="criteria" separator="or" >
        <if test="criteria.valid" >
          <trim prefix="(" suffix=")" prefixOverrides="and" >
            <foreach collection="criteria.criteria" item="criterion" >
              <choose >
                <when test="criterion.noValue" >
                  and ${criterion.condition}
                </when>
                <when test="criterion.singleValue" >
                  and ${criterion.condition} #{criterion.value}
                </when>
                <when test="criterion.betweenValue" >
                  and ${criterion.condition} #{criterion.value} and #{criterion.secondValue}
                </when>
                <when test="criterion.listValue" >
                  and ${criterion.condition}
                  <foreach collection="criterion.value" item="listItem" open="(" close=")" separator="," >
                    #{listItem}
                  </foreach>
                </when>
              </choose>
            </foreach>
          </trim>
        </if>
      </foreach>
    </where>
  </sql>
  <sql id="Base_Column_List" >
    id, del_flag, award_rate, award_level, award, award_key, awarded
  </sql>
  <select id="selectByExample" resultMap="BaseResultMap" parameterType="com.dianli.task.dressing.dao.bean.AwardConfigDoExample" >
    select
    <if test="distinct" >
      distinct
    </if>
    'true' as QUERYID,
    <include refid="Base_Column_List" />
    from award_config
    <if test="_parameter != null" >
      <include refid="Example_Where_Clause" />
    </if>
    <if test="orderByClause != null" >
      order by ${orderByClause}
    </if>
  </select>
  <select id="selectByPrimaryKey" resultMap="BaseResultMap" parameterType="java.lang.Long" >
    select 
    <include refid="Base_Column_List" />
    from award_config
    where id = #{id,jdbcType=BIGINT}
  </select>
  <delete id="deleteByPrimaryKey" parameterType="java.lang.Long" >
    delete from award_config
    where id = #{id,jdbcType=BIGINT}
  </delete>
  <delete id="deleteByExample" parameterType="com.dianli.task.dressing.dao.bean.AwardConfigDoExample" >
    delete from award_config
    <if test="_parameter != null" >
      <include refid="Example_Where_Clause" />
    </if>
  </delete>
  <insert id="insert" parameterType="com.dianli.task.dressing.dao.bean.AwardConfigDo" >
    <selectKey resultType="java.lang.Long" keyProperty="id" order="AFTER" >
      SELECT LAST_INSERT_ID()
    </selectKey>
    insert into award_config (del_flag, award_rate, award_level, 
      award, award_key, awarded
      )
    values (#{delFlag,jdbcType=INTEGER}, #{awardRate,jdbcType=REAL}, #{awardLevel,jdbcType=VARCHAR}, 
      #{award,jdbcType=VARCHAR}, #{awardKey,jdbcType=INTEGER}, #{awarded,jdbcType=INTEGER}
      )
  </insert>
  <insert id="insertSelective" parameterType="com.dianli.task.dressing.dao.bean.AwardConfigDo" >
    <selectKey resultType="java.lang.Long" keyProperty="id" order="AFTER" >
      SELECT LAST_INSERT_ID()
    </selectKey>
    insert into award_config
    <trim prefix="(" suffix=")" suffixOverrides="," >
      <if test="delFlag != null" >
        del_flag,
      </if>
      <if test="awardRate != null" >
        award_rate,
      </if>
      <if test="awardLevel != null" >
        award_level,
      </if>
      <if test="award != null" >
        award,
      </if>
      <if test="awardKey != null" >
        award_key,
      </if>
      <if test="awarded != null" >
        awarded,
      </if>
    </trim>
    <trim prefix="values (" suffix=")" suffixOverrides="," >
      <if test="delFlag != null" >
        #{delFlag,jdbcType=INTEGER},
      </if>
      <if test="awardRate != null" >
        #{awardRate,jdbcType=REAL},
      </if>
      <if test="awardLevel != null" >
        #{awardLevel,jdbcType=VARCHAR},
      </if>
      <if test="award != null" >
        #{award,jdbcType=VARCHAR},
      </if>
      <if test="awardKey != null" >
        #{awardKey,jdbcType=INTEGER},
      </if>
      <if test="awarded != null" >
        #{awarded,jdbcType=INTEGER},
      </if>
    </trim>
  </insert>
  <select id="countByExample" parameterType="com.dianli.task.dressing.dao.bean.AwardConfigDoExample" resultType="java.lang.Integer" >
    select count(*) from award_config
    <if test="_parameter != null" >
      <include refid="Example_Where_Clause" />
    </if>
  </select>
  <update id="updateByExampleSelective" parameterType="map" >
    update award_config
    <set >
      <if test="record.id != null" >
        id = #{record.id,jdbcType=BIGINT},
      </if>
      <if test="record.delFlag != null" >
        del_flag = #{record.delFlag,jdbcType=INTEGER},
      </if>
      <if test="record.awardRate != null" >
        award_rate = #{record.awardRate,jdbcType=REAL},
      </if>
      <if test="record.awardLevel != null" >
        award_level = #{record.awardLevel,jdbcType=VARCHAR},
      </if>
      <if test="record.award != null" >
        award = #{record.award,jdbcType=VARCHAR},
      </if>
      <if test="record.awardKey != null" >
        award_key = #{record.awardKey,jdbcType=INTEGER},
      </if>
      <if test="record.awarded != null" >
        awarded = #{record.awarded,jdbcType=INTEGER},
      </if>
    </set>
    <if test="_parameter != null" >
      <include refid="Update_By_Example_Where_Clause" />
    </if>
  </update>
  <update id="updateByExample" parameterType="map" >
    update award_config
    set id = #{record.id,jdbcType=BIGINT},
      del_flag = #{record.delFlag,jdbcType=INTEGER},
      award_rate = #{record.awardRate,jdbcType=REAL},
      award_level = #{record.awardLevel,jdbcType=VARCHAR},
      award = #{record.award,jdbcType=VARCHAR},
      award_key = #{record.awardKey,jdbcType=INTEGER},
      awarded = #{record.awarded,jdbcType=INTEGER}
    <if test="_parameter != null" >
      <include refid="Update_By_Example_Where_Clause" />
    </if>
  </update>
  <update id="updateByPrimaryKeySelective" parameterType="com.dianli.task.dressing.dao.bean.AwardConfigDo" >
    update award_config
    <set >
      <if test="delFlag != null" >
        del_flag = #{delFlag,jdbcType=INTEGER},
      </if>
      <if test="awardRate != null" >
        award_rate = #{awardRate,jdbcType=REAL},
      </if>
      <if test="awardLevel != null" >
        award_level = #{awardLevel,jdbcType=VARCHAR},
      </if>
      <if test="award != null" >
        award = #{award,jdbcType=VARCHAR},
      </if>
      <if test="awardKey != null" >
        award_key = #{awardKey,jdbcType=INTEGER},
      </if>
      <if test="awarded != null" >
        awarded = #{awarded,jdbcType=INTEGER},
      </if>
    </set>
    where id = #{id,jdbcType=BIGINT}
  </update>
  <update id="updateByPrimaryKey" parameterType="com.dianli.task.dressing.dao.bean.AwardConfigDo" >
    update award_config
    set del_flag = #{delFlag,jdbcType=INTEGER},
      award_rate = #{awardRate,jdbcType=REAL},
      award_level = #{awardLevel,jdbcType=VARCHAR},
      award = #{award,jdbcType=VARCHAR},
      award_key = #{awardKey,jdbcType=INTEGER},
      awarded = #{awarded,jdbcType=INTEGER}
    where id = #{id,jdbcType=BIGINT}
  </update>
  <select resultMap="BaseResultMap" parameterType="com.dianli.task.dressing.dao.bean.AwardConfigDoExample" id="selectByExampleWithRowbounds" >
    select
    <if test="distinct" >
      distinct
    </if>
    'true' as QUERYID,
    <include refid="Base_Column_List" />
    from award_config
    <if test="_parameter != null" >
      <include refid="Example_Where_Clause" />
    </if>
    <if test="orderByClause != null" >
      order by ${orderByClause}
    </if>
  </select>
</mapper>