<?xml version="1.0" encoding="UTF-8" ?>
<!DOCTYPE mapper PUBLIC "-//mybatis.org//DTD Mapper 3.0//EN" "http://mybatis.org/dtd/mybatis-3-mapper.dtd" >
<mapper namespace="com.dianli.task.dressing.dao.mapper.DayCountDoMapper" >
  <resultMap id="BaseResultMap" type="com.dianli.task.dressing.dao.bean.DayCountDo" >
    <constructor >
      <idArg column="id" jdbcType="BIGINT" javaType="java.lang.Long" />
      <arg column="create_date" jdbcType="TIMESTAMP" javaType="java.util.Date" />
      <arg column="PV" jdbcType="BIGINT" javaType="java.lang.Long" />
      <arg column="UV" jdbcType="BIGINT" javaType="java.lang.Long" />
      <arg column="create_photo_times" jdbcType="BIGINT" javaType="java.lang.Long" />
      <arg column="share_times" jdbcType="BIGINT" javaType="java.lang.Long" />
      <arg column="scan_times" jdbcType="BIGINT" javaType="java.lang.Long" />
    </constructor>
  </resultMap>
  <sql id="Example_Where_Clause" >
    <where >
      <foreach collection="oredCriteria" item="criteria" separator="or" >
        <if test="criteria.valid" >
          <trim prefix="(" suffix=")" prefixOverrides="and" >
            <foreach collection="criteria.criteria" item="criterion" >
              <choose >
                <when test="criterion.noValue" >
                  and ${criterion.condition}
                </when>
                <when test="criterion.singleValue" >
                  and ${criterion.condition} #{criterion.value}
                </when>
                <when test="criterion.betweenValue" >
                  and ${criterion.condition} #{criterion.value} and #{criterion.secondValue}
                </when>
                <when test="criterion.listValue" >
                  and ${criterion.condition}
                  <foreach collection="criterion.value" item="listItem" open="(" close=")" separator="," >
                    #{listItem}
                  </foreach>
                </when>
              </choose>
            </foreach>
          </trim>
        </if>
      </foreach>
    </where>
  </sql>
  <sql id="Update_By_Example_Where_Clause" >
    <where >
      <foreach collection="example.oredCriteria" item="criteria" separator="or" >
        <if test="criteria.valid" >
          <trim prefix="(" suffix=")" prefixOverrides="and" >
            <foreach collection="criteria.criteria" item="criterion" >
              <choose >
                <when test="criterion.noValue" >
                  and ${criterion.condition}
                </when>
                <when test="criterion.singleValue" >
                  and ${criterion.condition} #{criterion.value}
                </when>
                <when test="criterion.betweenValue" >
                  and ${criterion.condition} #{criterion.value} and #{criterion.secondValue}
                </when>
                <when test="criterion.listValue" >
                  and ${criterion.condition}
                  <foreach collection="criterion.value" item="listItem" open="(" close=")" separator="," >
                    #{listItem}
                  </foreach>
                </when>
              </choose>
            </foreach>
          </trim>
        </if>
      </foreach>
    </where>
  </sql>
  <sql id="Base_Column_List" >
    id, create_date, PV, UV, create_photo_times, share_times, scan_times
  </sql>
  <select id="selectByExample" resultMap="BaseResultMap" parameterType="com.dianli.task.dressing.dao.bean.DayCountDoExample" >
    select
    <if test="distinct" >
      distinct
    </if>
    'true' as QUERYID,
    <include refid="Base_Column_List" />
    from day_count
    <if test="_parameter != null" >
      <include refid="Example_Where_Clause" />
    </if>
    <if test="orderByClause != null" >
      order by ${orderByClause}
    </if>
  </select>
  <select id="selectByPrimaryKey" resultMap="BaseResultMap" parameterType="java.lang.Long" >
    select 
    <include refid="Base_Column_List" />
    from day_count
    where id = #{id,jdbcType=BIGINT}
  </select>
  <delete id="deleteByPrimaryKey" parameterType="java.lang.Long" >
    delete from day_count
    where id = #{id,jdbcType=BIGINT}
  </delete>
  <delete id="deleteByExample" parameterType="com.dianli.task.dressing.dao.bean.DayCountDoExample" >
    delete from day_count
    <if test="_parameter != null" >
      <include refid="Example_Where_Clause" />
    </if>
  </delete>
  <insert id="insert" parameterType="com.dianli.task.dressing.dao.bean.DayCountDo" >
    <selectKey resultType="java.lang.Long" keyProperty="id" order="AFTER" >
      SELECT LAST_INSERT_ID()
    </selectKey>
    insert into day_count (create_date, PV, UV, 
      create_photo_times, share_times, scan_times
      )
    values (#{createDate,jdbcType=TIMESTAMP}, #{pv,jdbcType=BIGINT}, #{uv,jdbcType=BIGINT}, 
      #{createPhotoTimes,jdbcType=BIGINT}, #{shareTimes,jdbcType=BIGINT}, #{scanTimes,jdbcType=BIGINT}
      )
  </insert>
  <insert id="insertSelective" parameterType="com.dianli.task.dressing.dao.bean.DayCountDo" >
    <selectKey resultType="java.lang.Long" keyProperty="id" order="AFTER" >
      SELECT LAST_INSERT_ID()
    </selectKey>
    insert into day_count
    <trim prefix="(" suffix=")" suffixOverrides="," >
      <if test="createDate != null" >
        create_date,
      </if>
      <if test="pv != null" >
        PV,
      </if>
      <if test="uv != null" >
        UV,
      </if>
      <if test="createPhotoTimes != null" >
        create_photo_times,
      </if>
      <if test="shareTimes != null" >
        share_times,
      </if>
      <if test="scanTimes != null" >
        scan_times,
      </if>
    </trim>
    <trim prefix="values (" suffix=")" suffixOverrides="," >
      <if test="createDate != null" >
        #{createDate,jdbcType=TIMESTAMP},
      </if>
      <if test="pv != null" >
        #{pv,jdbcType=BIGINT},
      </if>
      <if test="uv != null" >
        #{uv,jdbcType=BIGINT},
      </if>
      <if test="createPhotoTimes != null" >
        #{createPhotoTimes,jdbcType=BIGINT},
      </if>
      <if test="shareTimes != null" >
        #{shareTimes,jdbcType=BIGINT},
      </if>
      <if test="scanTimes != null" >
        #{scanTimes,jdbcType=BIGINT},
      </if>
    </trim>
  </insert>
  <select id="countByExample" parameterType="com.dianli.task.dressing.dao.bean.DayCountDoExample" resultType="java.lang.Integer" >
    select count(*) from day_count
    <if test="_parameter != null" >
      <include refid="Example_Where_Clause" />
    </if>
  </select>
  <update id="updateByExampleSelective" parameterType="map" >
    update day_count
    <set >
      <if test="record.id != null" >
        id = #{record.id,jdbcType=BIGINT},
      </if>
      <if test="record.createDate != null" >
        create_date = #{record.createDate,jdbcType=TIMESTAMP},
      </if>
      <if test="record.pv != null" >
        PV = #{record.pv,jdbcType=BIGINT},
      </if>
      <if test="record.uv != null" >
        UV = #{record.uv,jdbcType=BIGINT},
      </if>
      <if test="record.createPhotoTimes != null" >
        create_photo_times = #{record.createPhotoTimes,jdbcType=BIGINT},
      </if>
      <if test="record.shareTimes != null" >
        share_times = #{record.shareTimes,jdbcType=BIGINT},
      </if>
      <if test="record.scanTimes != null" >
        scan_times = #{record.scanTimes,jdbcType=BIGINT},
      </if>
    </set>
    <if test="_parameter != null" >
      <include refid="Update_By_Example_Where_Clause" />
    </if>
  </update>
  <update id="updateByExample" parameterType="map" >
    update day_count
    set id = #{record.id,jdbcType=BIGINT},
      create_date = #{record.createDate,jdbcType=TIMESTAMP},
      PV = #{record.pv,jdbcType=BIGINT},
      UV = #{record.uv,jdbcType=BIGINT},
      create_photo_times = #{record.createPhotoTimes,jdbcType=BIGINT},
      share_times = #{record.shareTimes,jdbcType=BIGINT},
      scan_times = #{record.scanTimes,jdbcType=BIGINT}
    <if test="_parameter != null" >
      <include refid="Update_By_Example_Where_Clause" />
    </if>
  </update>
  <update id="updateByPrimaryKeySelective" parameterType="com.dianli.task.dressing.dao.bean.DayCountDo" >
    update day_count
    <set >
      <if test="createDate != null" >
        create_date = #{createDate,jdbcType=TIMESTAMP},
      </if>
      <if test="pv != null" >
        PV = #{pv,jdbcType=BIGINT},
      </if>
      <if test="uv != null" >
        UV = #{uv,jdbcType=BIGINT},
      </if>
      <if test="createPhotoTimes != null" >
        create_photo_times = #{createPhotoTimes,jdbcType=BIGINT},
      </if>
      <if test="shareTimes != null" >
        share_times = #{shareTimes,jdbcType=BIGINT},
      </if>
      <if test="scanTimes != null" >
        scan_times = #{scanTimes,jdbcType=BIGINT},
      </if>
    </set>
    where id = #{id,jdbcType=BIGINT}
  </update>
  <update id="updateByPrimaryKey" parameterType="com.dianli.task.dressing.dao.bean.DayCountDo" >
    update day_count
    set create_date = #{createDate,jdbcType=TIMESTAMP},
      PV = #{pv,jdbcType=BIGINT},
      UV = #{uv,jdbcType=BIGINT},
      create_photo_times = #{createPhotoTimes,jdbcType=BIGINT},
      share_times = #{shareTimes,jdbcType=BIGINT},
      scan_times = #{scanTimes,jdbcType=BIGINT}
    where id = #{id,jdbcType=BIGINT}
  </update>
  <select resultMap="BaseResultMap" parameterType="com.dianli.task.dressing.dao.bean.DayCountDoExample" id="selectByExampleWithRowbounds" >
    select
    <if test="distinct" >
      distinct
    </if>
    'true' as QUERYID,
    <include refid="Base_Column_List" />
    from day_count
    <if test="_parameter != null" >
      <include refid="Example_Where_Clause" />
    </if>
    <if test="orderByClause != null" >
      order by ${orderByClause}
    </if>
  </select>
</mapper>