<?xml version="1.0" encoding="UTF-8" ?>
<!DOCTYPE mapper PUBLIC "-//mybatis.org//DTD Mapper 3.0//EN" "http://mybatis.org/dtd/mybatis-3-mapper.dtd" >
<mapper namespace="com.dianli.task.dressing.dao.mapper.OpLogDoMapper" >
  <resultMap id="BaseResultMap" type="com.dianli.task.dressing.dao.bean.OpLogDo" >
    <constructor >
      <idArg column="id" jdbcType="BIGINT" javaType="java.lang.Long" />
      <arg column="del_flag" jdbcType="INTEGER" javaType="java.lang.Integer" />
      <arg column="open_id" jdbcType="VARCHAR" javaType="java.lang.String" />
      <arg column="op_type" jdbcType="INTEGER" javaType="java.lang.Integer" />
      <arg column="op_content" jdbcType="VARCHAR" javaType="java.lang.String" />
      <arg column="create_time" jdbcType="TIMESTAMP" javaType="java.util.Date" />
      <arg column="modify_time" jdbcType="TIMESTAMP" javaType="java.util.Date" />
    </constructor>
  </resultMap>
  <sql id="Example_Where_Clause" >
    <where >
      <foreach collection="oredCriteria" item="criteria" separator="or" >
        <if test="criteria.valid" >
          <trim prefix="(" suffix=")" prefixOverrides="and" >
            <foreach collection="criteria.criteria" item="criterion" >
              <choose >
                <when test="criterion.noValue" >
                  and ${criterion.condition}
                </when>
                <when test="criterion.singleValue" >
                  and ${criterion.condition} #{criterion.value}
                </when>
                <when test="criterion.betweenValue" >
                  and ${criterion.condition} #{criterion.value} and #{criterion.secondValue}
                </when>
                <when test="criterion.listValue" >
                  and ${criterion.condition}
                  <foreach collection="criterion.value" item="listItem" open="(" close=")" separator="," >
                    #{listItem}
                  </foreach>
                </when>
              </choose>
            </foreach>
          </trim>
        </if>
      </foreach>
    </where>
  </sql>
  <sql id="Update_By_Example_Where_Clause" >
    <where >
      <foreach collection="example.oredCriteria" item="criteria" separator="or" >
        <if test="criteria.valid" >
          <trim prefix="(" suffix=")" prefixOverrides="and" >
            <foreach collection="criteria.criteria" item="criterion" >
              <choose >
                <when test="criterion.noValue" >
                  and ${criterion.condition}
                </when>
                <when test="criterion.singleValue" >
                  and ${criterion.condition} #{criterion.value}
                </when>
                <when test="criterion.betweenValue" >
                  and ${criterion.condition} #{criterion.value} and #{criterion.secondValue}
                </when>
                <when test="criterion.listValue" >
                  and ${criterion.condition}
                  <foreach collection="criterion.value" item="listItem" open="(" close=")" separator="," >
                    #{listItem}
                  </foreach>
                </when>
              </choose>
            </foreach>
          </trim>
        </if>
      </foreach>
    </where>
  </sql>
  <sql id="Base_Column_List" >
    id, del_flag, open_id, op_type, op_content, create_time, modify_time
  </sql>
  <select id="selectByExample" resultMap="BaseResultMap" parameterType="com.dianli.task.dressing.dao.bean.OpLogDoExample" >
    select
    <if test="distinct" >
      distinct
    </if>
    'true' as QUERYID,
    <include refid="Base_Column_List" />
    from op_log
    <if test="_parameter != null" >
      <include refid="Example_Where_Clause" />
    </if>
    <if test="orderByClause != null" >
      order by ${orderByClause}
    </if>
  </select>
  <select id="selectByPrimaryKey" resultMap="BaseResultMap" parameterType="java.lang.Long" >
    select 
    <include refid="Base_Column_List" />
    from op_log
    where id = #{id,jdbcType=BIGINT}
  </select>
  <delete id="deleteByPrimaryKey" parameterType="java.lang.Long" >
    delete from op_log
    where id = #{id,jdbcType=BIGINT}
  </delete>
  <delete id="deleteByExample" parameterType="com.dianli.task.dressing.dao.bean.OpLogDoExample" >
    delete from op_log
    <if test="_parameter != null" >
      <include refid="Example_Where_Clause" />
    </if>
  </delete>
  <insert id="insert" parameterType="com.dianli.task.dressing.dao.bean.OpLogDo" >
    <selectKey resultType="java.lang.Long" keyProperty="id" order="AFTER" >
      SELECT LAST_INSERT_ID()
    </selectKey>
    insert into op_log (del_flag, open_id, op_type, 
      op_content, create_time, modify_time
      )
    values (#{delFlag,jdbcType=INTEGER}, #{openId,jdbcType=VARCHAR}, #{opType,jdbcType=INTEGER}, 
      #{opContent,jdbcType=VARCHAR}, #{createTime,jdbcType=TIMESTAMP}, #{modifyTime,jdbcType=TIMESTAMP}
      )
  </insert>
  <insert id="insertSelective" parameterType="com.dianli.task.dressing.dao.bean.OpLogDo" >
    <selectKey resultType="java.lang.Long" keyProperty="id" order="AFTER" >
      SELECT LAST_INSERT_ID()
    </selectKey>
    insert into op_log
    <trim prefix="(" suffix=")" suffixOverrides="," >
      <if test="delFlag != null" >
        del_flag,
      </if>
      <if test="openId != null" >
        open_id,
      </if>
      <if test="opType != null" >
        op_type,
      </if>
      <if test="opContent != null" >
        op_content,
      </if>
      <if test="createTime != null" >
        create_time,
      </if>
      <if test="modifyTime != null" >
        modify_time,
      </if>
    </trim>
    <trim prefix="values (" suffix=")" suffixOverrides="," >
      <if test="delFlag != null" >
        #{delFlag,jdbcType=INTEGER},
      </if>
      <if test="openId != null" >
        #{openId,jdbcType=VARCHAR},
      </if>
      <if test="opType != null" >
        #{opType,jdbcType=INTEGER},
      </if>
      <if test="opContent != null" >
        #{opContent,jdbcType=VARCHAR},
      </if>
      <if test="createTime != null" >
        #{createTime,jdbcType=TIMESTAMP},
      </if>
      <if test="modifyTime != null" >
        #{modifyTime,jdbcType=TIMESTAMP},
      </if>
    </trim>
  </insert>
  <select id="countByExample" parameterType="com.dianli.task.dressing.dao.bean.OpLogDoExample" resultType="java.lang.Integer" >
    select count(*) from op_log
    <if test="_parameter != null" >
      <include refid="Example_Where_Clause" />
    </if>
  </select>
  <update id="updateByExampleSelective" parameterType="map" >
    update op_log
    <set >
      <if test="record.id != null" >
        id = #{record.id,jdbcType=BIGINT},
      </if>
      <if test="record.delFlag != null" >
        del_flag = #{record.delFlag,jdbcType=INTEGER},
      </if>
      <if test="record.openId != null" >
        open_id = #{record.openId,jdbcType=VARCHAR},
      </if>
      <if test="record.opType != null" >
        op_type = #{record.opType,jdbcType=INTEGER},
      </if>
      <if test="record.opContent != null" >
        op_content = #{record.opContent,jdbcType=VARCHAR},
      </if>
      <if test="record.createTime != null" >
        create_time = #{record.createTime,jdbcType=TIMESTAMP},
      </if>
      <if test="record.modifyTime != null" >
        modify_time = #{record.modifyTime,jdbcType=TIMESTAMP},
      </if>
    </set>
    <if test="_parameter != null" >
      <include refid="Update_By_Example_Where_Clause" />
    </if>
  </update>
  <update id="updateByExample" parameterType="map" >
    update op_log
    set id = #{record.id,jdbcType=BIGINT},
      del_flag = #{record.delFlag,jdbcType=INTEGER},
      open_id = #{record.openId,jdbcType=VARCHAR},
      op_type = #{record.opType,jdbcType=INTEGER},
      op_content = #{record.opContent,jdbcType=VARCHAR},
      create_time = #{record.createTime,jdbcType=TIMESTAMP},
      modify_time = #{record.modifyTime,jdbcType=TIMESTAMP}
    <if test="_parameter != null" >
      <include refid="Update_By_Example_Where_Clause" />
    </if>
  </update>
  <update id="updateByPrimaryKeySelective" parameterType="com.dianli.task.dressing.dao.bean.OpLogDo" >
    update op_log
    <set >
      <if test="delFlag != null" >
        del_flag = #{delFlag,jdbcType=INTEGER},
      </if>
      <if test="openId != null" >
        open_id = #{openId,jdbcType=VARCHAR},
      </if>
      <if test="opType != null" >
        op_type = #{opType,jdbcType=INTEGER},
      </if>
      <if test="opContent != null" >
        op_content = #{opContent,jdbcType=VARCHAR},
      </if>
      <if test="createTime != null" >
        create_time = #{createTime,jdbcType=TIMESTAMP},
      </if>
      <if test="modifyTime != null" >
        modify_time = #{modifyTime,jdbcType=TIMESTAMP},
      </if>
    </set>
    where id = #{id,jdbcType=BIGINT}
  </update>
  <update id="updateByPrimaryKey" parameterType="com.dianli.task.dressing.dao.bean.OpLogDo" >
    update op_log
    set del_flag = #{delFlag,jdbcType=INTEGER},
      open_id = #{openId,jdbcType=VARCHAR},
      op_type = #{opType,jdbcType=INTEGER},
      op_content = #{opContent,jdbcType=VARCHAR},
      create_time = #{createTime,jdbcType=TIMESTAMP},
      modify_time = #{modifyTime,jdbcType=TIMESTAMP}
    where id = #{id,jdbcType=BIGINT}
  </update>
  <select resultMap="BaseResultMap" parameterType="com.dianli.task.dressing.dao.bean.OpLogDoExample" id="selectByExampleWithRowbounds" >
    select
    <if test="distinct" >
      distinct
    </if>
    'true' as QUERYID,
    <include refid="Base_Column_List" />
    from op_log
    <if test="_parameter != null" >
      <include refid="Example_Where_Clause" />
    </if>
    <if test="orderByClause != null" >
      order by ${orderByClause}
    </if>
  </select>
</mapper>