<?xml version="1.0" encoding="UTF-8" ?>
<!DOCTYPE mapper PUBLIC "-//mybatis.org//DTD Mapper 3.0//EN" "http://mybatis.org/dtd/mybatis-3-mapper.dtd" >
<mapper namespace="com.dianli.task.dressing.dao.mapper.UserDoMapper" >
  <resultMap id="BaseResultMap" type="com.dianli.task.dressing.dao.bean.UserDo" >
    <constructor >
      <idArg column="id" jdbcType="BIGINT" javaType="java.lang.Long" />
      <arg column="create_time" jdbcType="TIMESTAMP" javaType="java.util.Date" />
      <arg column="modify_time" jdbcType="TIMESTAMP" javaType="java.util.Date" />
      <arg column="del_flag" jdbcType="INTEGER" javaType="java.lang.Integer" />
      <arg column="open_id" jdbcType="VARCHAR" javaType="java.lang.String" />
      <arg column="nick_name" jdbcType="VARCHAR" javaType="java.lang.String" />
      <arg column="access_token" jdbcType="VARCHAR" javaType="java.lang.String" />
      <arg column="expires_in" jdbcType="INTEGER" javaType="java.lang.Integer" />
      <arg column="refresh_token" jdbcType="VARCHAR" javaType="java.lang.String" />
      <arg column="scope" jdbcType="VARCHAR" javaType="java.lang.String" />
      <arg column="sex" jdbcType="INTEGER" javaType="java.lang.Integer" />
      <arg column="province" jdbcType="VARCHAR" javaType="java.lang.String" />
      <arg column="city" jdbcType="VARCHAR" javaType="java.lang.String" />
      <arg column="country" jdbcType="VARCHAR" javaType="java.lang.String" />
      <arg column="heading_img_url" jdbcType="VARCHAR" javaType="java.lang.String" />
      <arg column="unionid" jdbcType="VARCHAR" javaType="java.lang.String" />
    </constructor>
  </resultMap>
  <sql id="Example_Where_Clause" >
    <where >
      <foreach collection="oredCriteria" item="criteria" separator="or" >
        <if test="criteria.valid" >
          <trim prefix="(" suffix=")" prefixOverrides="and" >
            <foreach collection="criteria.criteria" item="criterion" >
              <choose >
                <when test="criterion.noValue" >
                  and ${criterion.condition}
                </when>
                <when test="criterion.singleValue" >
                  and ${criterion.condition} #{criterion.value}
                </when>
                <when test="criterion.betweenValue" >
                  and ${criterion.condition} #{criterion.value} and #{criterion.secondValue}
                </when>
                <when test="criterion.listValue" >
                  and ${criterion.condition}
                  <foreach collection="criterion.value" item="listItem" open="(" close=")" separator="," >
                    #{listItem}
                  </foreach>
                </when>
              </choose>
            </foreach>
          </trim>
        </if>
      </foreach>
    </where>
  </sql>
  <sql id="Update_By_Example_Where_Clause" >
    <where >
      <foreach collection="example.oredCriteria" item="criteria" separator="or" >
        <if test="criteria.valid" >
          <trim prefix="(" suffix=")" prefixOverrides="and" >
            <foreach collection="criteria.criteria" item="criterion" >
              <choose >
                <when test="criterion.noValue" >
                  and ${criterion.condition}
                </when>
                <when test="criterion.singleValue" >
                  and ${criterion.condition} #{criterion.value}
                </when>
                <when test="criterion.betweenValue" >
                  and ${criterion.condition} #{criterion.value} and #{criterion.secondValue}
                </when>
                <when test="criterion.listValue" >
                  and ${criterion.condition}
                  <foreach collection="criterion.value" item="listItem" open="(" close=")" separator="," >
                    #{listItem}
                  </foreach>
                </when>
              </choose>
            </foreach>
          </trim>
        </if>
      </foreach>
    </where>
  </sql>
  <sql id="Base_Column_List" >
    id, create_time, modify_time, del_flag, open_id, nick_name, access_token, expires_in, 
    refresh_token, scope, sex, province, city, country, heading_img_url, unionid
  </sql>
  <select id="selectByExample" resultMap="BaseResultMap" parameterType="com.dianli.task.dressing.dao.bean.UserDoExample" >
    select
    <if test="distinct" >
      distinct
    </if>
    'true' as QUERYID,
    <include refid="Base_Column_List" />
    from user
    <if test="_parameter != null" >
      <include refid="Example_Where_Clause" />
    </if>
    <if test="orderByClause != null" >
      order by ${orderByClause}
    </if>
  </select>
  <select id="selectByPrimaryKey" resultMap="BaseResultMap" parameterType="java.lang.Long" >
    select 
    <include refid="Base_Column_List" />
    from user
    where id = #{id,jdbcType=BIGINT}
  </select>
  <delete id="deleteByPrimaryKey" parameterType="java.lang.Long" >
    delete from user
    where id = #{id,jdbcType=BIGINT}
  </delete>
  <delete id="deleteByExample" parameterType="com.dianli.task.dressing.dao.bean.UserDoExample" >
    delete from user
    <if test="_parameter != null" >
      <include refid="Example_Where_Clause" />
    </if>
  </delete>
  <insert id="insert" parameterType="com.dianli.task.dressing.dao.bean.UserDo" >
    <selectKey resultType="java.lang.Long" keyProperty="id" order="AFTER" >
      SELECT LAST_INSERT_ID()
    </selectKey>
    insert into user (create_time, modify_time, del_flag, 
      open_id, nick_name, access_token, 
      expires_in, refresh_token, scope, 
      sex, province, city, 
      country, heading_img_url, unionid
      )
    values (#{createTime,jdbcType=TIMESTAMP}, #{modifyTime,jdbcType=TIMESTAMP}, #{delFlag,jdbcType=INTEGER}, 
      #{openId,jdbcType=VARCHAR}, #{nickName,jdbcType=VARCHAR}, #{accessToken,jdbcType=VARCHAR}, 
      #{expiresIn,jdbcType=INTEGER}, #{refreshToken,jdbcType=VARCHAR}, #{scope,jdbcType=VARCHAR}, 
      #{sex,jdbcType=INTEGER}, #{province,jdbcType=VARCHAR}, #{city,jdbcType=VARCHAR}, 
      #{country,jdbcType=VARCHAR}, #{headingImgUrl,jdbcType=VARCHAR}, #{unionid,jdbcType=VARCHAR}
      )
  </insert>
  <insert id="insertSelective" parameterType="com.dianli.task.dressing.dao.bean.UserDo" >
    <selectKey resultType="java.lang.Long" keyProperty="id" order="AFTER" >
      SELECT LAST_INSERT_ID()
    </selectKey>
    insert into user
    <trim prefix="(" suffix=")" suffixOverrides="," >
      <if test="createTime != null" >
        create_time,
      </if>
      <if test="modifyTime != null" >
        modify_time,
      </if>
      <if test="delFlag != null" >
        del_flag,
      </if>
      <if test="openId != null" >
        open_id,
      </if>
      <if test="nickName != null" >
        nick_name,
      </if>
      <if test="accessToken != null" >
        access_token,
      </if>
      <if test="expiresIn != null" >
        expires_in,
      </if>
      <if test="refreshToken != null" >
        refresh_token,
      </if>
      <if test="scope != null" >
        scope,
      </if>
      <if test="sex != null" >
        sex,
      </if>
      <if test="province != null" >
        province,
      </if>
      <if test="city != null" >
        city,
      </if>
      <if test="country != null" >
        country,
      </if>
      <if test="headingImgUrl != null" >
        heading_img_url,
      </if>
      <if test="unionid != null" >
        unionid,
      </if>
    </trim>
    <trim prefix="values (" suffix=")" suffixOverrides="," >
      <if test="createTime != null" >
        #{createTime,jdbcType=TIMESTAMP},
      </if>
      <if test="modifyTime != null" >
        #{modifyTime,jdbcType=TIMESTAMP},
      </if>
      <if test="delFlag != null" >
        #{delFlag,jdbcType=INTEGER},
      </if>
      <if test="openId != null" >
        #{openId,jdbcType=VARCHAR},
      </if>
      <if test="nickName != null" >
        #{nickName,jdbcType=VARCHAR},
      </if>
      <if test="accessToken != null" >
        #{accessToken,jdbcType=VARCHAR},
      </if>
      <if test="expiresIn != null" >
        #{expiresIn,jdbcType=INTEGER},
      </if>
      <if test="refreshToken != null" >
        #{refreshToken,jdbcType=VARCHAR},
      </if>
      <if test="scope != null" >
        #{scope,jdbcType=VARCHAR},
      </if>
      <if test="sex != null" >
        #{sex,jdbcType=INTEGER},
      </if>
      <if test="province != null" >
        #{province,jdbcType=VARCHAR},
      </if>
      <if test="city != null" >
        #{city,jdbcType=VARCHAR},
      </if>
      <if test="country != null" >
        #{country,jdbcType=VARCHAR},
      </if>
      <if test="headingImgUrl != null" >
        #{headingImgUrl,jdbcType=VARCHAR},
      </if>
      <if test="unionid != null" >
        #{unionid,jdbcType=VARCHAR},
      </if>
    </trim>
  </insert>
  <select id="countByExample" parameterType="com.dianli.task.dressing.dao.bean.UserDoExample" resultType="java.lang.Integer" >
    select count(*) from user
    <if test="_parameter != null" >
      <include refid="Example_Where_Clause" />
    </if>
  </select>
  <update id="updateByExampleSelective" parameterType="map" >
    update user
    <set >
      <if test="record.id != null" >
        id = #{record.id,jdbcType=BIGINT},
      </if>
      <if test="record.createTime != null" >
        create_time = #{record.createTime,jdbcType=TIMESTAMP},
      </if>
      <if test="record.modifyTime != null" >
        modify_time = #{record.modifyTime,jdbcType=TIMESTAMP},
      </if>
      <if test="record.delFlag != null" >
        del_flag = #{record.delFlag,jdbcType=INTEGER},
      </if>
      <if test="record.openId != null" >
        open_id = #{record.openId,jdbcType=VARCHAR},
      </if>
      <if test="record.nickName != null" >
        nick_name = #{record.nickName,jdbcType=VARCHAR},
      </if>
      <if test="record.accessToken != null" >
        access_token = #{record.accessToken,jdbcType=VARCHAR},
      </if>
      <if test="record.expiresIn != null" >
        expires_in = #{record.expiresIn,jdbcType=INTEGER},
      </if>
      <if test="record.refreshToken != null" >
        refresh_token = #{record.refreshToken,jdbcType=VARCHAR},
      </if>
      <if test="record.scope != null" >
        scope = #{record.scope,jdbcType=VARCHAR},
      </if>
      <if test="record.sex != null" >
        sex = #{record.sex,jdbcType=INTEGER},
      </if>
      <if test="record.province != null" >
        province = #{record.province,jdbcType=VARCHAR},
      </if>
      <if test="record.city != null" >
        city = #{record.city,jdbcType=VARCHAR},
      </if>
      <if test="record.country != null" >
        country = #{record.country,jdbcType=VARCHAR},
      </if>
      <if test="record.headingImgUrl != null" >
        heading_img_url = #{record.headingImgUrl,jdbcType=VARCHAR},
      </if>
      <if test="record.unionid != null" >
        unionid = #{record.unionid,jdbcType=VARCHAR},
      </if>
    </set>
    <if test="_parameter != null" >
      <include refid="Update_By_Example_Where_Clause" />
    </if>
  </update>
  <update id="updateByExample" parameterType="map" >
    update user
    set id = #{record.id,jdbcType=BIGINT},
      create_time = #{record.createTime,jdbcType=TIMESTAMP},
      modify_time = #{record.modifyTime,jdbcType=TIMESTAMP},
      del_flag = #{record.delFlag,jdbcType=INTEGER},
      open_id = #{record.openId,jdbcType=VARCHAR},
      nick_name = #{record.nickName,jdbcType=VARCHAR},
      access_token = #{record.accessToken,jdbcType=VARCHAR},
      expires_in = #{record.expiresIn,jdbcType=INTEGER},
      refresh_token = #{record.refreshToken,jdbcType=VARCHAR},
      scope = #{record.scope,jdbcType=VARCHAR},
      sex = #{record.sex,jdbcType=INTEGER},
      province = #{record.province,jdbcType=VARCHAR},
      city = #{record.city,jdbcType=VARCHAR},
      country = #{record.country,jdbcType=VARCHAR},
      heading_img_url = #{record.headingImgUrl,jdbcType=VARCHAR},
      unionid = #{record.unionid,jdbcType=VARCHAR}
    <if test="_parameter != null" >
      <include refid="Update_By_Example_Where_Clause" />
    </if>
  </update>
  <update id="updateByPrimaryKeySelective" parameterType="com.dianli.task.dressing.dao.bean.UserDo" >
    update user
    <set >
      <if test="createTime != null" >
        create_time = #{createTime,jdbcType=TIMESTAMP},
      </if>
      <if test="modifyTime != null" >
        modify_time = #{modifyTime,jdbcType=TIMESTAMP},
      </if>
      <if test="delFlag != null" >
        del_flag = #{delFlag,jdbcType=INTEGER},
      </if>
      <if test="openId != null" >
        open_id = #{openId,jdbcType=VARCHAR},
      </if>
      <if test="nickName != null" >
        nick_name = #{nickName,jdbcType=VARCHAR},
      </if>
      <if test="accessToken != null" >
        access_token = #{accessToken,jdbcType=VARCHAR},
      </if>
      <if test="expiresIn != null" >
        expires_in = #{expiresIn,jdbcType=INTEGER},
      </if>
      <if test="refreshToken != null" >
        refresh_token = #{refreshToken,jdbcType=VARCHAR},
      </if>
      <if test="scope != null" >
        scope = #{scope,jdbcType=VARCHAR},
      </if>
      <if test="sex != null" >
        sex = #{sex,jdbcType=INTEGER},
      </if>
      <if test="province != null" >
        province = #{province,jdbcType=VARCHAR},
      </if>
      <if test="city != null" >
        city = #{city,jdbcType=VARCHAR},
      </if>
      <if test="country != null" >
        country = #{country,jdbcType=VARCHAR},
      </if>
      <if test="headingImgUrl != null" >
        heading_img_url = #{headingImgUrl,jdbcType=VARCHAR},
      </if>
      <if test="unionid != null" >
        unionid = #{unionid,jdbcType=VARCHAR},
      </if>
    </set>
    where id = #{id,jdbcType=BIGINT}
  </update>
  <update id="updateByPrimaryKey" parameterType="com.dianli.task.dressing.dao.bean.UserDo" >
    update user
    set create_time = #{createTime,jdbcType=TIMESTAMP},
      modify_time = #{modifyTime,jdbcType=TIMESTAMP},
      del_flag = #{delFlag,jdbcType=INTEGER},
      open_id = #{openId,jdbcType=VARCHAR},
      nick_name = #{nickName,jdbcType=VARCHAR},
      access_token = #{accessToken,jdbcType=VARCHAR},
      expires_in = #{expiresIn,jdbcType=INTEGER},
      refresh_token = #{refreshToken,jdbcType=VARCHAR},
      scope = #{scope,jdbcType=VARCHAR},
      sex = #{sex,jdbcType=INTEGER},
      province = #{province,jdbcType=VARCHAR},
      city = #{city,jdbcType=VARCHAR},
      country = #{country,jdbcType=VARCHAR},
      heading_img_url = #{headingImgUrl,jdbcType=VARCHAR},
      unionid = #{unionid,jdbcType=VARCHAR}
    where id = #{id,jdbcType=BIGINT}
  </update>
  <select resultMap="BaseResultMap" parameterType="com.dianli.task.dressing.dao.bean.UserDoExample" id="selectByExampleWithRowbounds" >
    select
    <if test="distinct" >
      distinct
    </if>
    'true' as QUERYID,
    <include refid="Base_Column_List" />
    from user
    <if test="_parameter != null" >
      <include refid="Example_Where_Clause" />
    </if>
    <if test="orderByClause != null" >
      order by ${orderByClause}
    </if>
  </select>
</mapper>