<?xml version="1.0" encoding="UTF-8" ?>
<!DOCTYPE mapper PUBLIC "-//mybatis.org//DTD Mapper 3.0//EN" "http://mybatis.org/dtd/mybatis-3-mapper.dtd" >
<mapper namespace="com.dianli.task.dressing.dao.mapper.UserSignUpDoMapper" >
  <resultMap id="BaseResultMap" type="com.dianli.task.dressing.dao.bean.UserSignUpDo" >
    <constructor >
      <idArg column="id" jdbcType="BIGINT" javaType="java.lang.Long" />
      <arg column="open_id" jdbcType="VARCHAR" javaType="java.lang.String" />
      <arg column="wechat_nick" jdbcType="VARCHAR" javaType="java.lang.String" />
      <arg column="name" jdbcType="VARCHAR" javaType="java.lang.String" />
      <arg column="phone" jdbcType="VARCHAR" javaType="java.lang.String" />
      <arg column="carry_children" jdbcType="INTEGER" javaType="java.lang.Integer" />
      <arg column="turnout_num" jdbcType="INTEGER" javaType="java.lang.Integer" />
      <arg column="children_age" jdbcType="INTEGER" javaType="java.lang.Integer" />
      <arg column="create_time" jdbcType="TIMESTAMP" javaType="java.util.Date" />
      <arg column="modify_time" jdbcType="TIMESTAMP" javaType="java.util.Date" />
      <arg column="del_flag" jdbcType="INTEGER" javaType="java.lang.Integer" />
    </constructor>
  </resultMap>
  <sql id="Example_Where_Clause" >
    <where >
      <foreach collection="oredCriteria" item="criteria" separator="or" >
        <if test="criteria.valid" >
          <trim prefix="(" suffix=")" prefixOverrides="and" >
            <foreach collection="criteria.criteria" item="criterion" >
              <choose >
                <when test="criterion.noValue" >
                  and ${criterion.condition}
                </when>
                <when test="criterion.singleValue" >
                  and ${criterion.condition} #{criterion.value}
                </when>
                <when test="criterion.betweenValue" >
                  and ${criterion.condition} #{criterion.value} and #{criterion.secondValue}
                </when>
                <when test="criterion.listValue" >
                  and ${criterion.condition}
                  <foreach collection="criterion.value" item="listItem" open="(" close=")" separator="," >
                    #{listItem}
                  </foreach>
                </when>
              </choose>
            </foreach>
          </trim>
        </if>
      </foreach>
    </where>
  </sql>
  <sql id="Update_By_Example_Where_Clause" >
    <where >
      <foreach collection="example.oredCriteria" item="criteria" separator="or" >
        <if test="criteria.valid" >
          <trim prefix="(" suffix=")" prefixOverrides="and" >
            <foreach collection="criteria.criteria" item="criterion" >
              <choose >
                <when test="criterion.noValue" >
                  and ${criterion.condition}
                </when>
                <when test="criterion.singleValue" >
                  and ${criterion.condition} #{criterion.value}
                </when>
                <when test="criterion.betweenValue" >
                  and ${criterion.condition} #{criterion.value} and #{criterion.secondValue}
                </when>
                <when test="criterion.listValue" >
                  and ${criterion.condition}
                  <foreach collection="criterion.value" item="listItem" open="(" close=")" separator="," >
                    #{listItem}
                  </foreach>
                </when>
              </choose>
            </foreach>
          </trim>
        </if>
      </foreach>
    </where>
  </sql>
  <sql id="Base_Column_List" >
    id, open_id, wechat_nick, name, phone, carry_children, turnout_num, children_age, 
    create_time, modify_time, del_flag
  </sql>
  <select id="selectByExample" resultMap="BaseResultMap" parameterType="com.dianli.task.dressing.dao.bean.UserSignUpDoExample" >
    select
    <if test="distinct" >
      distinct
    </if>
    'true' as QUERYID,
    <include refid="Base_Column_List" />
    from user_sign_up
    <if test="_parameter != null" >
      <include refid="Example_Where_Clause" />
    </if>
    <if test="orderByClause != null" >
      order by ${orderByClause}
    </if>
  </select>
  <select id="selectByPrimaryKey" resultMap="BaseResultMap" parameterType="java.lang.Long" >
    select 
    <include refid="Base_Column_List" />
    from user_sign_up
    where id = #{id,jdbcType=BIGINT}
  </select>
  <delete id="deleteByPrimaryKey" parameterType="java.lang.Long" >
    delete from user_sign_up
    where id = #{id,jdbcType=BIGINT}
  </delete>
  <delete id="deleteByExample" parameterType="com.dianli.task.dressing.dao.bean.UserSignUpDoExample" >
    delete from user_sign_up
    <if test="_parameter != null" >
      <include refid="Example_Where_Clause" />
    </if>
  </delete>
  <insert id="insert" parameterType="com.dianli.task.dressing.dao.bean.UserSignUpDo" >
    <selectKey resultType="java.lang.Long" keyProperty="id" order="AFTER" >
      SELECT LAST_INSERT_ID()
    </selectKey>
    insert into user_sign_up (open_id, wechat_nick, name, 
      phone, carry_children, turnout_num, 
      children_age, create_time, modify_time, 
      del_flag)
    values (#{openId,jdbcType=VARCHAR}, #{wechatNick,jdbcType=VARCHAR}, #{name,jdbcType=VARCHAR}, 
      #{phone,jdbcType=VARCHAR}, #{carryChildren,jdbcType=INTEGER}, #{turnoutNum,jdbcType=INTEGER}, 
      #{childrenAge,jdbcType=INTEGER}, #{createTime,jdbcType=TIMESTAMP}, #{modifyTime,jdbcType=TIMESTAMP}, 
      #{delFlag,jdbcType=INTEGER})
  </insert>
  <insert id="insertSelective" parameterType="com.dianli.task.dressing.dao.bean.UserSignUpDo" >
    <selectKey resultType="java.lang.Long" keyProperty="id" order="AFTER" >
      SELECT LAST_INSERT_ID()
    </selectKey>
    insert into user_sign_up
    <trim prefix="(" suffix=")" suffixOverrides="," >
      <if test="openId != null" >
        open_id,
      </if>
      <if test="wechatNick != null" >
        wechat_nick,
      </if>
      <if test="name != null" >
        name,
      </if>
      <if test="phone != null" >
        phone,
      </if>
      <if test="carryChildren != null" >
        carry_children,
      </if>
      <if test="turnoutNum != null" >
        turnout_num,
      </if>
      <if test="childrenAge != null" >
        children_age,
      </if>
      <if test="createTime != null" >
        create_time,
      </if>
      <if test="modifyTime != null" >
        modify_time,
      </if>
      <if test="delFlag != null" >
        del_flag,
      </if>
    </trim>
    <trim prefix="values (" suffix=")" suffixOverrides="," >
      <if test="openId != null" >
        #{openId,jdbcType=VARCHAR},
      </if>
      <if test="wechatNick != null" >
        #{wechatNick,jdbcType=VARCHAR},
      </if>
      <if test="name != null" >
        #{name,jdbcType=VARCHAR},
      </if>
      <if test="phone != null" >
        #{phone,jdbcType=VARCHAR},
      </if>
      <if test="carryChildren != null" >
        #{carryChildren,jdbcType=INTEGER},
      </if>
      <if test="turnoutNum != null" >
        #{turnoutNum,jdbcType=INTEGER},
      </if>
      <if test="childrenAge != null" >
        #{childrenAge,jdbcType=INTEGER},
      </if>
      <if test="createTime != null" >
        #{createTime,jdbcType=TIMESTAMP},
      </if>
      <if test="modifyTime != null" >
        #{modifyTime,jdbcType=TIMESTAMP},
      </if>
      <if test="delFlag != null" >
        #{delFlag,jdbcType=INTEGER},
      </if>
    </trim>
  </insert>
  <select id="countByExample" parameterType="com.dianli.task.dressing.dao.bean.UserSignUpDoExample" resultType="java.lang.Integer" >
    select count(*) from user_sign_up
    <if test="_parameter != null" >
      <include refid="Example_Where_Clause" />
    </if>
  </select>
  <update id="updateByExampleSelective" parameterType="map" >
    update user_sign_up
    <set >
      <if test="record.id != null" >
        id = #{record.id,jdbcType=BIGINT},
      </if>
      <if test="record.openId != null" >
        open_id = #{record.openId,jdbcType=VARCHAR},
      </if>
      <if test="record.wechatNick != null" >
        wechat_nick = #{record.wechatNick,jdbcType=VARCHAR},
      </if>
      <if test="record.name != null" >
        name = #{record.name,jdbcType=VARCHAR},
      </if>
      <if test="record.phone != null" >
        phone = #{record.phone,jdbcType=VARCHAR},
      </if>
      <if test="record.carryChildren != null" >
        carry_children = #{record.carryChildren,jdbcType=INTEGER},
      </if>
      <if test="record.turnoutNum != null" >
        turnout_num = #{record.turnoutNum,jdbcType=INTEGER},
      </if>
      <if test="record.childrenAge != null" >
        children_age = #{record.childrenAge,jdbcType=INTEGER},
      </if>
      <if test="record.createTime != null" >
        create_time = #{record.createTime,jdbcType=TIMESTAMP},
      </if>
      <if test="record.modifyTime != null" >
        modify_time = #{record.modifyTime,jdbcType=TIMESTAMP},
      </if>
      <if test="record.delFlag != null" >
        del_flag = #{record.delFlag,jdbcType=INTEGER},
      </if>
    </set>
    <if test="_parameter != null" >
      <include refid="Update_By_Example_Where_Clause" />
    </if>
  </update>
  <update id="updateByExample" parameterType="map" >
    update user_sign_up
    set id = #{record.id,jdbcType=BIGINT},
      open_id = #{record.openId,jdbcType=VARCHAR},
      wechat_nick = #{record.wechatNick,jdbcType=VARCHAR},
      name = #{record.name,jdbcType=VARCHAR},
      phone = #{record.phone,jdbcType=VARCHAR},
      carry_children = #{record.carryChildren,jdbcType=INTEGER},
      turnout_num = #{record.turnoutNum,jdbcType=INTEGER},
      children_age = #{record.childrenAge,jdbcType=INTEGER},
      create_time = #{record.createTime,jdbcType=TIMESTAMP},
      modify_time = #{record.modifyTime,jdbcType=TIMESTAMP},
      del_flag = #{record.delFlag,jdbcType=INTEGER}
    <if test="_parameter != null" >
      <include refid="Update_By_Example_Where_Clause" />
    </if>
  </update>
  <update id="updateByPrimaryKeySelective" parameterType="com.dianli.task.dressing.dao.bean.UserSignUpDo" >
    update user_sign_up
    <set >
      <if test="openId != null" >
        open_id = #{openId,jdbcType=VARCHAR},
      </if>
      <if test="wechatNick != null" >
        wechat_nick = #{wechatNick,jdbcType=VARCHAR},
      </if>
      <if test="name != null" >
        name = #{name,jdbcType=VARCHAR},
      </if>
      <if test="phone != null" >
        phone = #{phone,jdbcType=VARCHAR},
      </if>
      <if test="carryChildren != null" >
        carry_children = #{carryChildren,jdbcType=INTEGER},
      </if>
      <if test="turnoutNum != null" >
        turnout_num = #{turnoutNum,jdbcType=INTEGER},
      </if>
      <if test="childrenAge != null" >
        children_age = #{childrenAge,jdbcType=INTEGER},
      </if>
      <if test="createTime != null" >
        create_time = #{createTime,jdbcType=TIMESTAMP},
      </if>
      <if test="modifyTime != null" >
        modify_time = #{modifyTime,jdbcType=TIMESTAMP},
      </if>
      <if test="delFlag != null" >
        del_flag = #{delFlag,jdbcType=INTEGER},
      </if>
    </set>
    where id = #{id,jdbcType=BIGINT}
  </update>
  <update id="updateByPrimaryKey" parameterType="com.dianli.task.dressing.dao.bean.UserSignUpDo" >
    update user_sign_up
    set open_id = #{openId,jdbcType=VARCHAR},
      wechat_nick = #{wechatNick,jdbcType=VARCHAR},
      name = #{name,jdbcType=VARCHAR},
      phone = #{phone,jdbcType=VARCHAR},
      carry_children = #{carryChildren,jdbcType=INTEGER},
      turnout_num = #{turnoutNum,jdbcType=INTEGER},
      children_age = #{childrenAge,jdbcType=INTEGER},
      create_time = #{createTime,jdbcType=TIMESTAMP},
      modify_time = #{modifyTime,jdbcType=TIMESTAMP},
      del_flag = #{delFlag,jdbcType=INTEGER}
    where id = #{id,jdbcType=BIGINT}
  </update>
  <select resultMap="BaseResultMap" parameterType="com.dianli.task.dressing.dao.bean.UserSignUpDoExample" id="selectByExampleWithRowbounds" >
    select
    <if test="distinct" >
      distinct
    </if>
    'true' as QUERYID,
    <include refid="Base_Column_List" />
    from user_sign_up
    <if test="_parameter != null" >
      <include refid="Example_Where_Clause" />
    </if>
    <if test="orderByClause != null" >
      order by ${orderByClause}
    </if>
  </select>
</mapper>