<?xml version="1.0" encoding="UTF-8"?>
<!DOCTYPE generatorConfiguration
        PUBLIC "-//mybatis.org//DTD MyBatis Generator Configuration 1.0//EN"
        "http://mybatis.org/dtd/mybatis-generator-config_1_0.dtd">

<generatorConfiguration>
    <!--导入属性配置-->
    <properties resource="generator.properties"></properties>

    <!--指定特定数据库的jdbc驱动jar包的位置-->
    <classPathEntry location="${jdbc.driverLocation}"/>

    <context id="default" targetRuntime="MyBatis3">
        <plugin type="org.mybatis.generator.plugins.RowBoundsPlugin">
        </plugin>
        <plugin type="org.mybatis.generator.plugins.SerializablePlugin">
            <property name="suppressJavaInterface" value="false"/>
        </plugin>
        <plugin type="org.mybatis.generator.plugins.EqualsHashCodePlugin">
        </plugin>

        <commentGenerator>
            <property name="suppressDate" value="true"/>
            <property name="suppressAllComments" value="true"/>
        </commentGenerator>

        <jdbcConnection
                driverClass="${jdbc.driverClass}"
                connectionURL="${jdbc.connectionURL}"
                userId="${jdbc.userId}"
                password="${jdbc.password}">
        </jdbcConnection>


        <javaTypeResolver>
            <property name="forceBigDecimals" value="false"/>
        </javaTypeResolver>


        <javaModelGenerator targetPackage="com.dianli.task.dressing.dao.bean"
                            targetProject="${project.location}\dressing-dao\src\main\java">
            <property name="enableSubPackages" value="false"/>
            <property name="constructorBased" value="true"/>
            <property name="trimStrings" value="true"/>
            <property name="immutable" value="false"/>
        </javaModelGenerator>

        <sqlMapGenerator targetPackage="mybatis"
                         targetProject="${project.location}\dressing-dao\src\main\resources">
            <property name="enableSubPackages" value="false"/>
        </sqlMapGenerator>

        <javaClientGenerator targetPackage="com.dianli.task.dressing.dao.mapper"
                             targetProject="${project.location}\dressing-dao\src\main\java" type="XMLMAPPER">
            <property name="enableSubPackages" value="true"/>
        </javaClientGenerator>

        <!--表信息配置-->
        <table tableName="user" domainObjectName="UserDo"
               enableCountByExample="true" enableUpdateByExample="true"
               enableDeleteByExample="true" enableSelectByExample="true"
               selectByExampleQueryId="true">
            <generatedKey column="id" identity="true" sqlStatement="Mysql"/>
        </table>
        <!--<table tableName="award_config" domainObjectName="AwardConfigDo"
               enableCountByExample="true" enableUpdateByExample="true"
               enableDeleteByExample="true" enableSelectByExample="true"
               selectByExampleQueryId="true">
            <generatedKey column="id" identity="true" sqlStatement="Mysql"/>
        </table>-->
        <!--<table tableName="op_log" domainObjectName="OpLogDo"
               enableCountByExample="true" enableUpdateByExample="true"
               enableDeleteByExample="true" enableSelectByExample="true"
               selectByExampleQueryId="true">
            <generatedKey column="id" identity="true" sqlStatement="Mysql"/>
            <columnOverride column="op_content" jdbcType="VARCHAR"/>
        </table>

        <table tableName="award_record" domainObjectName="AwardRecordDo"
               enableCountByExample="true" enableUpdateByExample="true"
               enableDeleteByExample="true" enableSelectByExample="true"
               selectByExampleQueryId="true">
            <generatedKey column="id" identity="true" sqlStatement="Mysql"/>
        </table>-->
       <!-- <table tableName="award_user" domainObjectName="AwardUserDo"
               enableCountByExample="true" enableUpdateByExample="true"
               enableDeleteByExample="true" enableSelectByExample="true"
               selectByExampleQueryId="true">
            <generatedKey column="id" identity="true" sqlStatement="Mysql"/>
        </table>-->
       <!-- <table tableName="day_count" domainObjectName="DayCountDo"
               enableCountByExample="true" enableUpdateByExample="true"
               enableDeleteByExample="true" enableSelectByExample="true"
               selectByExampleQueryId="true">
            <generatedKey column="id" identity="true" sqlStatement="Mysql"/>
        </table>
        <table tableName="user_sign_up" domainObjectName="UserSignUpDo"
               enableCountByExample="true" enableUpdateByExample="true"
               enableDeleteByExample="true" enableSelectByExample="true"
               selectByExampleQueryId="true">
            <generatedKey column="id" identity="true" sqlStatement="Mysql"/>
        </table>-->

       <!-- <table tableName="material" domainObjectName="MaterialDo"
               enableCountByExample="true" enableUpdateByExample="true"
               enableDeleteByExample="true" enableSelectByExample="true"
               selectByExampleQueryId="true">
            <generatedKey column="id" identity="true" sqlStatement="Mysql"/>
        </table>-->

    </context>
</generatorConfiguration>